{
  "lang":"en",
  "name":"pipeline",
  "version":"0.0.0",
  "spacy_version":">=3.3.1,<3.4.0",
  "description":"",
  "author":"",
  "email":"",
  "url":"",
  "license":"",
  "spacy_git_version":"5fb597f77",
  "vectors":{
    "width":0,
    "vectors":0,
    "keys":0,
    "name":null,
    "mode":"default"
  },
  "labels":{
    "tok2vec":[

    ],
    "ner":[
      "B",
      "DES",
      "EMAIL",
      "I",
      "NAME",
      "ORG",
      "PHONE",
      "WEB"
    ]
  },
  "pipeline":[
    "tok2vec",
    "ner"
  ],
  "components":[
    "tok2vec",
    "ner"
  ],
  "disabled":[

  ],
  "performance":{
    "ents_f":0.5341365462,
    "ents_p":0.6551724138,
    "ents_r":0.4508474576,
    "ents_per_type":{
      "B-PHONE":{
        "p":0.7777777778,
        "r":0.8,
        "f":0.7887323944
      },
      "I-PHONE":{
        "p":0.6666666667,
        "r":0.6666666667,
        "f":0.6666666667
      },
      "B-EMAIL":{
        "p":0.7058823529,
        "r":0.6,
        "f":0.6486486486
      },
      "B-ORG":{
        "p":0.4666666667,
        "r":0.2916666667,
        "f":0.358974359
      },
      "B-DES":{
        "p":0.5,
        "r":0.1875,
        "f":0.2727272727
      },
      "I-NAME":{
        "p":0.7222222222,
        "r":0.4193548387,
        "f":0.5306122449
      },
      "I-ORG":{
        "p":0.619047619,
        "r":0.4482758621,
        "f":0.52
      },
      "I-DES":{
        "p":0.5714285714,
        "r":0.1739130435,
        "f":0.2666666667
      },
      "B-NAME":{
        "p":0.9,
        "r":0.4285714286,
        "f":0.5806451613
      },
      "ORG":{
        "p":0.0,
        "r":0.0,
        "f":0.0
      },
      "B-WEB":{
        "p":0.7,
        "r":0.3888888889,
        "f":0.5
      },
      "I-EMAIL":{
        "p":0.0,
        "r":0.0,
        "f":0.0
      },
      "I-WEB":{
        "p":0.0,
        "r":0.0,
        "f":0.0
      },
      "EMAIL":{
        "p":0.0,
        "r":0.0,
        "f":0.0
      }
    },
    "tok2vec_loss":454.973939469,
    "ner_loss":317.2756215535
  }
}