{
  "lang":"en",
  "name":"pipeline",
  "version":"0.0.0",
  "spacy_version":">=3.3.1,<3.4.0",
  "description":"",
  "author":"",
  "email":"",
  "url":"",
  "license":"",
  "spacy_git_version":"5fb597f77",
  "vectors":{
    "width":0,
    "vectors":0,
    "keys":0,
    "name":null,
    "mode":"default"
  },
  "labels":{
    "tok2vec":[

    ],
    "ner":[
      "B",
      "DES",
      "EMAIL",
      "I",
      "NAME",
      "ORG",
      "PHONE",
      "WEB"
    ]
  },
  "pipeline":[
    "tok2vec",
    "ner"
  ],
  "components":[
    "tok2vec",
    "ner"
  ],
  "disabled":[

  ],
  "performance":{
    "ents_f":0.571969697,
    "ents_p":0.6480686695,
    "ents_r":0.5118644068,
    "ents_per_type":{
      "I-NAME":{
        "p":0.7619047619,
        "r":0.5161290323,
        "f":0.6153846154
      },
      "B-DES":{
        "p":0.4666666667,
        "r":0.4375,
        "f":0.4516129032
      },
      "B-ORG":{
        "p":0.347826087,
        "r":0.3333333333,
        "f":0.3404255319
      },
      "I-ORG":{
        "p":0.6078431373,
        "r":0.5344827586,
        "f":0.5688073394
      },
      "B-PHONE":{
        "p":0.8333333333,
        "r":0.7142857143,
        "f":0.7692307692
      },
      "I-PHONE":{
        "p":0.7142857143,
        "r":0.6944444444,
        "f":0.7042253521
      },
      "B-EMAIL":{
        "p":0.6315789474,
        "r":0.6,
        "f":0.6153846154
      },
      "I-DES":{
        "p":0.6666666667,
        "r":0.2608695652,
        "f":0.375
      },
      "B-NAME":{
        "p":0.75,
        "r":0.5714285714,
        "f":0.6486486486
      },
      "B-WEB":{
        "p":0.75,
        "r":0.5,
        "f":0.6
      },
      "I-EMAIL":{
        "p":0.0,
        "r":0.0,
        "f":0.0
      },
      "I-WEB":{
        "p":0.0,
        "r":0.0,
        "f":0.0
      },
      "EMAIL":{
        "p":0.0,
        "r":0.0,
        "f":0.0
      },
      "ORG":{
        "p":0.0,
        "r":0.0,
        "f":0.0
      }
    },
    "tok2vec_loss":524.9071616513,
    "ner_loss":386.6950566636
  }
}